{"00_mtkruto":[1782759938,[2097152000,[1782759688.85,1782759808.466,1782759810.149,1782759938.835]]],"01_fasttelethon":[1782765082,[2097152000,[1782764826.4876246,1782764955.5295734,1782764955.5295744,1782765081.8953292],"1.39.0"]],"02_mtcute":[1782759968,[2097152000,[1782759691.681,1782759812.737,1782759815.117,1782759938.018]]],"03_telethon":[1782761089,[2097152000,[1782760304.7197242,1782760744.8892348,1782760744.8892353,1782761089.4378285],"1.39.0"]],"04_tdlib":[1782759946,[2097152000,[1782759704,1782759821,1782759821,1782759946]]],"05_wtelegramclient":[1782765441,[2097152000,[1782765126.076,1782765276.331,1782765277.342,1782765441.498],"4.4.6"]],"06_madelineproto":[1782758904,[2097152000,[1782758411.370438,1782758640.930648,1782758641.360555,1782758904.404734],"8.6.5"]],"07_pyrogrammod":[1782762020,[2097152000,[1782761136.3937862,1782761303.692702,1782761303.6927028,1782762020.334187],"2.3.1"]],"08_gogram":[1782760065,[2097152000,[1782759695.406,1782759916.054,1782759916.054,1782760054.588],"1.7.6b"]],"09_mtgo":[1782759960,[2097152000,[1782759690.107,1782759839.806,1782759839.806,1782759959.675],"0.10.3-0.20260629121906-4e5e4a052c34"]],"10_gotd":[1782760050,[2097152000,[1782759687.391,1782759866.223,1782759866.223,1782760049.469],"0.159.0"]]}