{"00_mtkruto":[1743128175,[2097152000,[1743127898.435,1743128057.436,1743128058.9,1743128175.226]]],"01_fasttelethon":[1743181689,[2097152000,[1743181438.3630567,1743181561.0940201,1743181561.0940213,1743181689.1674206],"1.39.0"]],"02_mtcute":[1743128136,[2097152000,[1743127906.514,1743128011.744,1743128014.153,1743128135.885]]],"03_telethon":[1743167899,[2097152000,[1743167501.9543777,1743167713.5834987,1743167713.5834992,1743167899.8223765],"1.39.0"]],"04_tdlib":[1743206821,[2097152000,[1743206583,1743206702,1743206702,1743206821]]],"05_wtelegramclient":[1743363216,{"version":"4.3.2","layer":200,"file_size":2097152000,"download":{"start_time":1743362752.942,"end_time":1743362871.853,"time_taken":118.9109093,"avg_speed":"16.82 MB/s"},"upload":{"start_time":1743362871.853,"end_time":1743363216.377,"time_taken":344.5241084,"avg_speed":"5.81 MB/s"}}]}