{"00_mtkruto":[1743380614,[2097152000,[1743380172.655,1743380473.132,1743380474.6,1743380613.864]]],"01_fasttelethon":[1743380437,[2097152000,[1743380179.01386,1743380308.0690262,1743380308.0690274,1743380437.200717],"1.39.0"]],"02_mtcute":[1743380421,[2097152000,[1743380175.204,1743380296.336,1743380298.695,1743380420.895]]],"03_telethon":[1743380991,[2097152000,[1743380182.827738,1743380644.2235088,1743380644.2235096,1743380991.3001008],"1.39.0"]],"04_tdlib":[1743380420,[2097152000,[1743380175,1743380297,1743380297,1743380420]]],"05_wtelegramclient":[1743366209,[2097152000,[1743365721.294,1743365841.566,1743365841.566,1743366209.041],"4.3.2"]]}