{"00_mtkruto":[1782080850,[2097152000,[1782080510.531,1782080632.663,1782080634.459,1782080759.262]]],"01_fasttelethon":[1782080776,[2097152000,[1782080521.102644,1782080650.2486107,1782080650.248612,1782080775.374961],"1.39.0"]],"02_mtcute":[1782080871,[2097152000,[1782080598.432,1782080716.115,1782080718.822,1782080841.625]]],"03_telethon":[1782080939,[2097152000,[1782080522.3214574,1782080751.493229,1782080751.4932299,1782080939.8860795],"1.39.0"]],"04_tdlib":[1782080776,[2097152000,[1782080528,1782080651,1782080651,1782080776]]],"05_wtelegramclient":[1782080835,[2097152000,[1782080523.054,1782080670.029,1782080671.043,1782080835.314],"4.4.6"]],"07_pyrogrammod":[1782081125,[2097152000,[1782080525.8693533,1782080683.425031,1782080683.425032,1782081125.5743237],"2.3.1"]]}