{"00_mtkruto":[1743732769,[2097152000,[1743732422.636,1743732608.651,1743732610.065,1743732769.802]]],"01_fasttelethon":[1743732669,[2097152000,[1743732430.101578,1743732543.038455,1743732543.0384562,1743732669.538353],"1.39.0"]],"02_mtcute":[1743732659,[2097152000,[1743732431.608,1743732537.822,1743732540.225,1743732659.28]]],"03_telethon":[1743733426,[2097152000,[1743732431.2668254,1743733073.7323444,1743733073.732345,1743733426.1201062],"1.39.0"]],"04_tdlib":[1743732672,[2097152000,[1743732428,1743732548,1743732548,1743732672]]],"05_wtelegramclient":[1743733769,[2097152000,[1743733526.069,1743733643.902,1743733645.015,1743733769.171],"4.3.3"]]}