{"00_mtkruto":[1760569040,[2097152000,[1760568717.619,1760568919.037,1760568920.483,1760569040.699]]],"01_fasttelethon":[1760568983,[2097152000,[1760568728.6000884,1760568855.6457,1760568855.6457012,1760568983.6989973],"1.39.0"]],"02_mtcute":[1760569018,[2097152000,[1760568725.06,1760568866.423,1760568868.765,1760568988.359]]],"03_telethon":[1760569462,[2097152000,[1760568729.655184,1760569143.1740818,1760569143.1740825,1760569462.9407418],"1.39.0"]],"04_tdlib":[1760568972,[2097152000,[1760568730,1760568848,1760568848,1760568972]]],"05_wtelegramclient":[1760569201,[2097152000,[1760568736.77,1760568962.207,1760568963.217,1760569201.416],"4.3.12"]],"07_pyrogrammod":[1760569793,[2097152000,[1760568732.6228442,1760568849.572156,1760568849.5721564,1760569793.3240955],"2.3.1"]]}