{"00_mtkruto":[1751161092,[2097152000,[1751160660.381,1751160943.658,1751160945.165,1751161092.162]]],"01_fasttelethon":[1747408529,[2097152000,[1747408267.8377435,1747408399.9645658,1747408399.9645665,1747408529.1273642],"1.39.0"]],"02_mtcute":[1747408570,[2097152000,[1747408333.548,1747408449.133,1747408451.549,1747408570.577]]],"03_telethon":[1751161325,[2097152000,[1751160668.4735353,1751161035.7674246,1751161035.767425,1751161325.311515],"1.39.0"]],"04_tdlib":[1747408499,[2097152000,[1747408265,1747408378,1747408378,1747408499]]],"05_wtelegramclient":[1751161157,[2097152000,[1751160670.091,1751160788.349,1751160789.359,1751161157.442],"4.3.5"]]}