{"00_mtkruto":[1772649692,[2097152000,[1772649432.41,1772649569.434,1772649570.926,1772649691.845]]],"01_fasttelethon":[1772649687,[2097152000,[1772649433.3153327,1772649560.4309304,1772649560.4309316,1772649687.0559802],"1.39.0"]],"02_mtcute":[1772649798,[2097152000,[1772649529.136,1772649646.505,1772649649.177,1772649768.279]]],"03_telethon":[1772650063,[2097152000,[1772649436.6929207,1772649786.235008,1772649786.2350087,1772650063.7188401],"1.39.0"]],"04_tdlib":[1772649683,[2097152000,[1772649435,1772649559,1772649559,1772649683]]],"05_wtelegramclient":[1772649839,[2097152000,[1772649442.731,1772649636.553,1772649637.561,1772649838.985],"4.4.1"]],"07_pyrogrammod":[1772650381,[2097152000,[1772649443.3405747,1772649562.7893836,1772649562.7893844,1772650381.207008],"2.3.1"]]}