{"00_mtkruto":[1758814826,[2097152000,[1758814464.088,1758814703.051,1758814704.527,1758814826.518]]],"01_fasttelethon":[1760462828,[2097152000,[1760462576.0879996,1760462702.4688022,1760462702.468804,1760462827.90319],"1.39.0"]],"02_mtcute":[1760462916,[2097152000,[1760462649.92,1760462760.297,1760462762.741,1760462885.718]]],"03_telethon":[1758815024,[2097152000,[1758814477.3683102,1758814774.7799225,1758814774.779923,1758815024.2585125],"1.39.0"]],"04_tdlib":[1760462818,[2097152000,[1760462576,1760462695,1760462695,1760462818]]],"05_wtelegramclient":[1760462989,[2097152000,[1760462576.043,1760462776.844,1760462777.965,1760462988.86],"4.3.12"]]}