{"00_mtkruto":[1782080850,[2097152000,[1782080510.531,1782080632.663,1782080634.459,1782080759.262]]],"01_fasttelethon":[1782091075,[2097152000,[1782090821.8882768,1782090949.0351095,1782090949.0351105,1782091074.4758935],"1.39.0"]],"02_mtcute":[1782091087,[2097152000,[1782090818.473,1782090934.861,1782090937.241,1782091057.736]]],"03_telethon":[1782091200,[2097152000,[1782090821.3551023,1782091017.5748286,1782091017.5748293,1782091200.4032338],"1.39.0"]],"04_tdlib":[1782091069,[2097152000,[1782090827,1782090945,1782090945,1782091069]]],"05_wtelegramclient":[1782080835,[2097152000,[1782080523.054,1782080670.029,1782080671.043,1782080835.314],"4.4.6"]],"07_pyrogrammod":[1782081125,[2097152000,[1782080525.8693533,1782080683.425031,1782080683.425032,1782081125.5743237],"2.3.1"]]}