{"00_mtkruto":[1782325892,[2097152000,[1782325649.774,1782325768.488,1782325770.192,1782325891.845]]],"01_fasttelethon":[1782325917,[2097152000,[1782325663.5588362,1782325789.7202344,1782325789.7202356,1782325916.504448],"1.39.0"]],"02_mtcute":[1782325934,[2097152000,[1782325654.887,1782325779.632,1782325781.95,1782325904.596]]],"03_telethon":[1782091200,[2097152000,[1782090821.3551023,1782091017.5748286,1782091017.5748293,1782091200.4032338],"1.39.0"]],"04_tdlib":[1782325911,[2097152000,[1782325670,1782325787,1782325787,1782325911]]],"05_wtelegramclient":[1782326305,[2097152000,[1782325668.819,1782325981.236,1782325982.246,1782326305.307],"4.4.6"]],"07_pyrogrammod":[1782091451,[2097152000,[1782090822.702522,1782091021.6773376,1782091021.6773386,1782091450.9927232],"2.3.1"]]}