{"00_mtkruto":[1743128175,[2097152000,[1743127898.435,1743128057.436,1743128058.9,1743128175.226]]],"01_fasttelethon":[1743181689,[2097152000,[1743181438.3630567,1743181561.0940201,1743181561.0940213,1743181689.1674206],"1.39.0"]],"02_mtcute":[1743128136,[2097152000,[1743127906.514,1743128011.744,1743128014.153,1743128135.885]]],"03_telethon":[1743167899,[2097152000,[1743167501.9543777,1743167713.5834987,1743167713.5834992,1743167899.8223765],"1.39.0"]],"04_tdlib":[1743206821,[2097152000,[1743206583,1743206702,1743206702,1743206821]]],"05_wtelegramclient":[1743366209,[2097152000,[1743365721.294,1743365841.566,1743365841.566,1743366209.041],"4.3.2"]]}