{"00_mtkruto":[1782759938,[2097152000,[1782759688.85,1782759808.466,1782759810.149,1782759938.835]]],"01_fasttelethon":[1782325917,[2097152000,[1782325663.5588362,1782325789.7202344,1782325789.7202356,1782325916.504448],"1.39.0"]],"02_mtcute":[1782759968,[2097152000,[1782759691.681,1782759812.737,1782759815.117,1782759938.018]]],"03_telethon":[1782761089,[2097152000,[1782760304.7197242,1782760744.8892348,1782760744.8892353,1782761089.4378285],"1.39.0"]],"04_tdlib":[1782759946,[2097152000,[1782759704,1782759821,1782759821,1782759946]]],"05_wtelegramclient":[1782332315,[2097152000,[1782331995.849,1782332149.419,1782332150.432,1782332314.879],"4.4.6"]],"06_madelineproto":[1782758904,[2097152000,[1782758411.370438,1782758640.930648,1782758641.360555,1782758904.404734],"8.6.5"]],"07_pyrogrammod":[1782326395,[2097152000,[1782325661.3802168,1782325831.1943755,1782325831.1943762,1782326395.3155909],"2.3.1"]],"08_gogram":[1782760065,[2097152000,[1782759695.406,1782759916.054,1782759916.054,1782760054.588],"1.7.6b"]],"09_mtgo":[1782759960,[2097152000,[1782759690.107,1782759839.806,1782759839.806,1782759959.675],"0.10.3-0.20260629121906-4e5e4a052c34"]],"10_gotd":[1782760050,[2097152000,[1782759687.391,1782759866.223,1782759866.223,1782760049.469],"0.159.0"]]}