{"00_mtkruto":[1780254491,[2097152000,[1780254184.411,1780254321.761,1780254323.475,1780254443.434]]],"01_fasttelethon":[1780254447,[2097152000,[1780254192.3465157,1780254320.790479,1780254320.79048,1780254446.815863],"1.39.0"]],"02_mtcute":[1780254527,[2097152000,[1780254253.858,1780254370.788,1780254373.138,1780254497.285]]],"03_telethon":[1780254842,[2097152000,[1780254197.0161664,1780254559.0340722,1780254559.0340726,1780254842.212287],"1.39.0"]],"04_tdlib":[1780254442,[2097152000,[1780254201,1780254318,1780254318,1780254442]]],"05_wtelegramclient":[1780254826,[2097152000,[1780254203.606,1780254510.467,1780254511.476,1780254826.214],"4.4.4"]],"07_pyrogrammod":[1780255019,[2097152000,[1780254199.4569118,1780254319.5461626,1780254319.5461638,1780255019.4009156],"2.3.1"]]}