{"00_mtkruto":[1760569040,[2097152000,[1760568717.619,1760568919.037,1760568920.483,1760569040.699]]],"01_fasttelethon":[1760568983,[2097152000,[1760568728.6000884,1760568855.6457,1760568855.6457012,1760568983.6989973],"1.39.0"]],"02_mtcute":[1760569018,[2097152000,[1760568725.06,1760568866.423,1760568868.765,1760568988.359]]],"03_telethon":[1760463325,[2097152000,[1760462575.2814338,1760463039.883617,1760463039.8836179,1760463325.8831391],"1.39.0"]],"04_tdlib":[1760568972,[2097152000,[1760568730,1760568848,1760568848,1760568972]]],"05_wtelegramclient":[1760462989,[2097152000,[1760462576.043,1760462776.844,1760462777.965,1760462988.86],"4.3.12"]],"07_pyrogrammod":[1760463507,[2097152000,[1760462580.6537604,1760462699.4371965,1760462699.4371972,1760463507.774714],"2.3.1"]]}