{"00_mtkruto":[1782325892,[2097152000,[1782325649.774,1782325768.488,1782325770.192,1782325891.845]]],"01_fasttelethon":[1782325917,[2097152000,[1782325663.5588362,1782325789.7202344,1782325789.7202356,1782325916.504448],"1.39.0"]],"02_mtcute":[1782325934,[2097152000,[1782325654.887,1782325779.632,1782325781.95,1782325904.596]]],"03_telethon":[1782326583,[2097152000,[1782325666.5717962,1782326184.4358077,1782326184.4358082,1782326582.9303067],"1.39.0"]],"04_tdlib":[1782325911,[2097152000,[1782325670,1782325787,1782325787,1782325911]]],"05_wtelegramclient":[1782326305,[2097152000,[1782325668.819,1782325981.236,1782325982.246,1782326305.307],"4.4.6"]],"07_pyrogrammod":[1782326395,[2097152000,[1782325661.3802168,1782325831.1943755,1782325831.1943762,1782326395.3155909],"2.3.1"]],"08_gogram":[1782331241,[2097152000,[1782330978.513,1782331099.842,1782331099.842,1782331230.413],"1.7.6b"]]}