{"00_mtkruto":[1743128175,[2097152000,[1743127898.435,1743128057.436,1743128058.9,1743128175.226]]],"02_mtcute":[1743128136,[2097152000,[1743127906.514,1743128011.744,1743128014.153,1743128135.885]]],"03_telethon":[1743130527,[2097152000,[1743129646.629248,1743130288.0269096,1743130288.0269103,1743130527.2369807],"1.39.0"]]}