{"00_mtkruto":[1758814826,[2097152000,[1758814464.088,1758814703.051,1758814704.527,1758814826.518]]],"01_fasttelethon":[1758814740,[2097152000,[1758814484.9886506,1758814612.8732297,1758814612.873231,1758814740.4488697],"1.39.0"]],"02_mtcute":[1758814809,[2097152000,[1758814551.563,1758814659.854,1758814662.285,1758814779.343]]],"03_telethon":[1758815024,[2097152000,[1758814477.3683102,1758814774.7799225,1758814774.779923,1758815024.2585125],"1.39.0"]],"04_tdlib":[1758814719,[2097152000,[1758814477,1758814594,1758814594,1758814719]]],"05_wtelegramclient":[1758814864,[2097152000,[1758814481.859,1758814641.267,1758814642.387,1758814864.157],"4.3.10"]]}