{"00_mtkruto":[1747408597,[2097152000,[1747408259.433,1747408463.396,1747408464.834,1747408597.348]]],"01_fasttelethon":[1747408529,[2097152000,[1747408267.8377435,1747408399.9645658,1747408399.9645665,1747408529.1273642],"1.39.0"]],"02_mtcute":[1747408570,[2097152000,[1747408333.548,1747408449.133,1747408451.549,1747408570.577]]],"03_telethon":[1747408911,[2097152000,[1747408267.7596207,1747408629.4810903,1747408629.481091,1747408911.26757],"1.39.0"]],"04_tdlib":[1747408499,[2097152000,[1747408265,1747408378,1747408378,1747408499]]],"05_wtelegramclient":[1747409880,[2097152000,[1747408270.688,1747408823.836,1747408824.956,1747409879.821],"4.3.4"]]}