{"00_mtkruto":[1758814826,[2097152000,[1758814464.088,1758814703.051,1758814704.527,1758814826.518]]],"01_fasttelethon":[1760462828,[2097152000,[1760462576.0879996,1760462702.4688022,1760462702.468804,1760462827.90319],"1.39.0"]],"02_mtcute":[1760462916,[2097152000,[1760462649.92,1760462760.297,1760462762.741,1760462885.718]]],"03_telethon":[1760463325,[2097152000,[1760462575.2814338,1760463039.883617,1760463039.8836179,1760463325.8831391],"1.39.0"]],"04_tdlib":[1760462818,[2097152000,[1760462576,1760462695,1760462695,1760462818]]],"05_wtelegramclient":[1760462989,[2097152000,[1760462576.043,1760462776.844,1760462777.965,1760462988.86],"4.3.12"]],"07_pyrogrammod":[1760463507,[2097152000,[1760462580.6537604,1760462699.4371965,1760462699.4371972,1760463507.774714],"2.3.1"]]}