{"00_mtkruto":[1744939845,[2097152000,[1744939442.545,1744939695.342,1744939697.01,1744939845.677]]],"01_fasttelethon":[1744939702,[2097152000,[1744939448.422621,1744939574.8680654,1744939574.8680665,1744939702.7727556],"1.39.0"]],"02_mtcute":[1744939762,[2097152000,[1744939515.545,1744939636.427,1744939638.777,1744939762.184]]],"03_telethon":[1744940263,[2097152000,[1744939450.3632226,1744939910.8528605,1744939910.852861,1744940263.3947155],"1.39.0"]],"04_tdlib":[1744939686,[2097152000,[1744939444,1744939562,1744939562,1744939686]]],"05_wtelegramclient":[1744939981,[2097152000,[1744939454.255,1744939573.179,1744939574.293,1744939980.922],"4.3.3"]]}