{"00_mtkruto":[1782332213,[2097152000,[1782331969.736,1782332089.609,1782332091.337,1782332213.38]]],"01_fasttelethon":[1782325917,[2097152000,[1782325663.5588362,1782325789.7202344,1782325789.7202356,1782325916.504448],"1.39.0"]],"02_mtcute":[1782332227,[2097152000,[1782331976.313,1782332081.634,1782332083.927,1782332197.759]]],"03_telethon":[1782326583,[2097152000,[1782325666.5717962,1782326184.4358077,1782326184.4358082,1782326582.9303067],"1.39.0"]],"04_tdlib":[1782332225,[2097152000,[1782331985,1782332100,1782332100,1782332225]]],"05_wtelegramclient":[1782332315,[2097152000,[1782331995.849,1782332149.419,1782332150.432,1782332314.879],"4.4.6"]],"07_pyrogrammod":[1782326395,[2097152000,[1782325661.3802168,1782325831.1943755,1782325831.1943762,1782326395.3155909],"2.3.1"]],"08_gogram":[1782332222,[2097152000,[1782331966.087,1782332077.742,1782332077.742,1782332211.918],"1.7.6b"]],"09_mtgo":[1782736108,[2097152000,[1782735804.937,1782735979.641,1782735979.641,1782736107.572],"0.10.3-0.20260629121906-4e5e4a052c34"]],"10_gotd":[1782746632,[2097152000,[1782746271.489,1782746451.083,1782746451.083,1782746631.495],"0.159.0"]]}