{"00_mtkruto":[1782092108,[2097152000,[1782091860.891,1782091982.288,1782091984.126,1782092108.167]]],"01_fasttelethon":[1782091075,[2097152000,[1782090821.8882768,1782090949.0351095,1782090949.0351105,1782091074.4758935],"1.39.0"]],"02_mtcute":[1782091087,[2097152000,[1782090818.473,1782090934.861,1782090937.241,1782091057.736]]],"03_telethon":[1782091200,[2097152000,[1782090821.3551023,1782091017.5748286,1782091017.5748293,1782091200.4032338],"1.39.0"]],"04_tdlib":[1782091069,[2097152000,[1782090827,1782090945,1782090945,1782091069]]],"05_wtelegramclient":[1782091319,[2097152000,[1782090822.424,1782091064.494,1782091065.508,1782091319.095],"4.4.6"]],"07_pyrogrammod":[1782091451,[2097152000,[1782090822.702522,1782091021.6773376,1782091021.6773386,1782091450.9927232],"2.3.1"]]}